patient_id,block,Braak,CERAD,Thal,abeta_n,abeta_pct,tau_n,tau_pct,syn_n,syn_pct,tdp_n,tdp_pct
E04-89,1A,,,,5500,0.1246,5939,0.2156,295,0.0042,2006.0,0.0444
E06-184,1A,6.0,3.0,5.0,2,0.0001,2,0.0001,2,0.0,2627.0,0.0815
E06-187,1A,6.0,3.0,5.0,24,0.0002,1,0.0,1146,0.0159,2337.0,0.0832
E10-149,1B,6.0,3.0,5.0,8445,0.2267,7,0.0001,0,0.0,484.0,0.0085
E14-115,1,5.0,3.0,4.0,2839,0.0369,2004,0.0177,577,0.0106,2365.0,0.0503
E14-12,1,6.0,3.0,5.0,10092,0.3372,130,0.0011,16,0.0005,33.0,0.0004
E14-134,1,6.0,3.0,5.0,18378,0.9512,10671,1.4678,634,0.0168,11331.0,0.4074
E14-14,1,6.0,3.0,5.0,4746,0.1319,28,0.0004,64,0.0018,177.0,0.0048
E14-161,1,6.0,3.0,5.0,10249,0.4375,4663,0.2604,9244,0.3725,8144.0,0.2559
E14-24,1,6.0,3.0,5.0,7514,0.2195,15121,1.31,5570,0.2048,2744.0,0.1007
E14-59,1,4.0,3.0,5.0,9501,0.2669,2769,0.1141,5302,0.2099,5154.0,0.3409
E15-55,1,6.0,3.0,5.0,5794,0.109,128,0.0013,31,0.0003,2246.0,0.033
E15-72,1,6.0,3.0,5.0,11029,0.3123,13482,1.0143,5510,0.2056,4991.0,0.3039
E17-138,1,6.0,3.0,5.0,3384,0.084,210,0.0029,145,0.0028,9941.0,0.5514
E17-54,1,6.0,3.0,5.0,4402,0.0892,1120,0.0129,121,0.0017,0.0,0.0
E18-127,1,3.0,3.0,5.0,5247,0.1175,6799,0.138,2107,0.0231,690.0,0.0133
E18-27,1,5.0,3.0,5.0,5754,0.1336,5815,1.5667,3167,0.0796,767.0,0.0274
E18-38,1,6.0,3.0,5.0,5827,0.1816,3822,1.5668,20853,1.6326,116.0,0.0019
E18-47,1,5.0,3.0,4.0,3009,0.0494,14786,1.6808,2698,0.2665,69.0,0.001
E18-49,1,6.0,3.0,5.0,6921,0.2031,7924,1.4083,11612,0.8251,171.0,0.0018
E18-61,1,6.0,3.0,5.0,7509,0.1391,3889,0.1038,27554,0.3452,1073.0,0.0142
E18-70,1,6.0,3.0,4.0,5949,0.1105,282,0.0097,7002,0.2333,141.0,0.0039
E19-100,1,6.0,3.0,5.0,2019,0.0278,33021,0.5001,161,0.0015,172.0,0.002
E19-132,1,6.0,3.0,4.0,6680,0.1916,11485,1.6851,11871,0.552,1247.0,0.0213
E19-141,1,6.0,3.0,5.0,5757,0.1206,28096,1.2152,200,0.0036,,
E19-142,1,6.0,3.0,5.0,4650,0.0842,7899,0.0975,197,0.002,,
E19-35,1,6.0,3.0,5.0,2087,0.0265,4435,0.2228,1640,0.0628,0.0,0.0
E19-75,1,6.0,3.0,4.0,4652,0.1101,4386,0.8512,10117,0.5026,435.0,0.0069
E19-79,1,,,,10776,0.2007,1089,0.5114,5594,0.131,2.0,0.0
E19-99,1,,,,2504,0.07,20448,1.684,6554,0.1012,3243.0,0.0444
E20-106,1,6.0,3.0,5.0,11700,0.3735,6719,1.0121,7908,0.7048,13267.0,1.1946
E20-122,1,6.0,3.0,5.0,11346,0.3626,12422,0.8752,418,0.0083,6247.0,0.1039
E20-138,1,6.0,3.0,5.0,8294,0.3469,9299,0.4667,74,0.002,98.0,0.0015
E20-139,1,6.0,3.0,5.0,9546,0.1733,20640,1.3709,419,0.005,137.0,0.0025
E20-17,1,3.0,2.0,4.0,5947,0.1574,5433,0.3068,5379,0.73,231.0,0.0033
E20-174,1,6.0,3.0,5.0,1852,0.03,21904,0.6306,229,0.0028,19397.0,0.8135
E20-175,1,6.0,3.0,5.0,2005,0.0284,9844,0.1526,395,0.0049,26149.0,0.9225
E20-55,1,6.0,3.0,5.0,7111,0.1352,9879,0.1253,15785,0.6718,12274.0,0.4673
E20-56,1,6.0,3.0,5.0,8818,0.2081,2851,0.0363,10646,0.4313,4616.0,0.1754
E20-98,1,6.0,3.0,5.0,1694,0.0329,11500,0.659,24,0.0003,1600.0,0.0395
E21-03,1,6.0,3.0,5.0,4714,0.1098,13207,0.5417,1985,0.0309,4962.0,0.1252
E21-110,1,6.0,3.0,5.0,9346,0.404,24068,0.6719,66,0.0012,11.0,0.0002
E21-17,1,6.0,3.0,4.0,264,0.0037,16511,2.1389,16647,2.2719,23800.0,0.9354
E21-179,1,6.0,3.0,5.0,10239,0.1965,14504,1.1206,3,0.0,636.0,0.0124
E21-65,1,6.0,3.0,5.0,940,0.0107,22540,0.6682,14896,0.4307,22395.0,0.4031
E22-02,1,3.0,3.0,2.0,3123,0.0782,11984,1.0078,125,0.0077,95.0,0.0033
E22-03,1,6.0,3.0,5.0,10954,0.5519,14265,1.1383,11714,0.9353,8060.0,0.7503
E22-119,1,6.0,3.0,5.0,3329,0.0706,6636,0.1081,103,0.0011,5892.0,0.1997
E22-132,1,5.0,5.0,4.0,5185,0.141,18725,0.4556,2721,0.079,1125.0,0.0243
E22-15,1,4.0,3.0,4.0,8759,0.3113,24859,1.4317,1666,0.042,6.0,0.0002
E22-80,1,4.0,3.0,4.0,7174,0.2284,5023,0.3337,69,0.0013,251.0,0.0056
E22-91,1,6.0,3.0,5.0,5793,0.1463,4876,1.4274,3,0.0,3.0,0.0
E22-92,1,6.0,3.0,5.0,7414,0.1509,22279,1.209,75,0.0035,51.0,0.0006
E23-02,1,6.0,5.0,5.0,9944,0.2335,24215,1.1917,2220,0.0631,3356.0,0.0662
E23-07,1,6.0,5.0,5.0,8013,0.2689,7011,2.4948,13,0.0002,111.0,0.0015
E23-113,1,6.0,5.0,5.0,6013,0.1606,12751,1.0366,55,0.0005,234.0,0.0036
E23-116,1,3.0,3.0,5.0,4586,0.0711,2027,0.041,10,0.0001,430.0,0.0057
E23-136,1,6.0,5.0,5.0,6114,0.1845,9594,0.8816,39,0.0005,8.0,0.0001
E23-145,1,6.0,5.0,5.0,7358,0.1839,1222,0.2955,29,0.0038,62.0,0.0008
E23-79,1,6.0,5.0,4.0,3378,0.0709,4917,1.4427,3,0.0001,781.0,0.0151
E23-82,1,3.0,3.0,4.0,2989,0.06,3460,0.1296,252,0.0038,570.0,0.0138
E24-12,1,6.0,3.0,5.0,3481,0.1036,5989,0.4167,2292,0.0807,74.0,0.0011
E24-15,1,4.0,3.0,5.0,6106,0.2384,6634,0.3811,436,0.0114,313.0,0.0088
E24-52,1,2.0,2.0,4.0,20860,0.4665,225,0.006,18632,3.2009,1068.0,0.0165
E24-91,1,6.0,3.0,5.0,8017,0.1741,4848,0.0464,218,0.002,1483.0,0.022
OS-240715,1,6.0,3.0,5.0,7359,0.3455,7270,1.1153,7209,0.607,15762.0,2.0836
E15-140,1,6.0,3.0,5.0,11410,0.4429,10458,1.7356,8466,0.8793,597.0,0.0118
E16-110,1,6.0,3.0,5.0,12652,0.5786,8189,0.5946,3020,0.2213,2941.0,0.1508
E16-114,1,5.0,3.0,5.0,11420,0.4387,3316,0.1435,6813,0.4504,2696.0,0.1216
E16-123,1,5.0,3.0,4.0,10337,0.3129,11603,0.3869,3312,0.1194,5739.0,0.2411
E16-21,1,6.0,3.0,5.0,5103,0.1237,12510,0.6114,731,0.016,327.0,0.0065
E16-66,1,6.0,3.0,5.0,8893,0.2157,5217,0.1769,1009,0.0212,1301.0,0.0312
OS-160608,1,6.0,3.0,5.0,905,0.0728,12122,0.382,8355,0.2292,3502.0,0.0788
E17-05,1,5.0,3.0,5.0,7850,0.2153,7518,0.2289,4683,0.2895,1700.0,0.0387
E17-143,01,6.0,3.0,5.0,7666,0.3201,10860,1.5923,8732,0.8242,628.0,0.0124
E17-147,1,5.0,3.0,5.0,2016,0.0397,7263,2.9608,20,0.0003,274.0,0.0088
E17-150,1,6.0,3.0,5.0,1221,0.0196,5833,1.6728,16,0.0002,11.0,0.0003
E17-21,1,6.0,3.0,5.0,8569,0.8461,5892,0.7627,0,0.0,1296.0,0.0366
E17-32,1,4.0,3.0,5.0,11441,0.4082,3779,0.0781,1459,0.033,939.0,0.0176
E17-36,1,6.0,3.0,5.0,5172,0.1291,14814,0.6557,749,0.0114,614.0,0.0159
E17-47,1,6.0,3.0,5.0,6311,0.1998,33916,2.0837,35793,2.4826,1823.0,0.0344
E17-56,1,6.0,3.0,5.0,2655,0.0371,13716,0.1657,7565,0.1075,17.0,0.0002
E17-57,1,6.0,3.0,5.0,5959,0.311,1296,0.0265,226,0.0046,121.0,0.0038
E17-71,1,6.0,3.0,5.0,3311,0.1992,4484,0.1382,25,0.0005,2676.0,0.1469
OS_170124,1,6.0,3.0,5.0,5970,0.267,10302,0.7321,4479,0.2449,887.0,0.0238
OS_170518,1,6.0,3.0,5.0,9784,0.2292,2916,0.036,1072,0.0231,301.0,0.0077
E18-07,1,6.0,3.0,5.0,3174,0.0739,7354,1.1785,180,0.0028,1682.0,0.0392
