patient_id,block,Braak,CERAD,Thal,abeta_n,abeta_pct,tau_n,tau_pct,syn_n,syn_pct,tdp_n,tdp_pct,_k,frac_diffuse,frac_compact,frac_elongated,mean_eccentricity,mean_elongation,LBD_bin,Age_death
E04-89,1A,,,,5500,0.1246,5939,0.2156,295,0.0042,2006.0,0.0444,"(4, 89)",0.3856363636362935,0.3970909090908369,0.21727272727268776,0.7590681910514832,0.6043373346328735,,
E06-184,1A,6.0,3.0,5.0,2,0.0001,2,0.0001,2,,2627.0,0.0815,"(6, 184)",0.49999999975,0.49999999975,0.0,0.7717392444610596,0.6039791107177734,1.0,82.0
E06-187,1A,6.0,3.0,5.0,24,0.0002,1,,1146,0.0159,2337.0,0.0832,"(6, 187)",0.374999999984375,0.374999999984375,0.24999999998958333,0.7499630451202393,0.627899706363678,0.0,86.0
E10-149,1B,6.0,3.0,5.0,8445,0.2267,7,0.0001,0,,484.0,0.0085,"(10, 149)",0.39147424511540657,0.36530491415034155,0.24322084073413341,0.7456833720207214,0.6250128746032715,0.0,90.0
E14-115,1,5.0,3.0,4.0,2839,0.0369,2004,0.0177,577,0.0106,2365.0,0.0503,"(14, 115)",0.3416696019724052,0.4526241634376708,0.2057062345895718,0.7660857439041138,0.6001506447792053,0.0,81.0
E14-12,1,6.0,3.0,5.0,10092,0.3372,130,0.0011,16,0.0005,33.0,0.0004,"(14, 12)",0.415973047958738,0.3339278636543466,0.25009908838681627,0.7382893562316895,0.6361397504806519,1.0,84.0
E14-134,1,6.0,3.0,5.0,18378,0.9512,10671,1.4678,634,0.0168,11331.0,0.4074,"(14, 134)",0.4032538905212535,0.3410055501142485,0.25574055936444356,0.7379259467124939,0.637553334236145,0.0,72.0
E14-14,1,6.0,3.0,5.0,4746,0.1319,28,0.0004,64,0.0018,177.0,0.0048,"(14, 14)",0.44584913611452887,0.32069110830166014,0.2334597555836002,0.7417395114898682,0.6352070569992065,0.0,81.0
E14-161,1,6.0,3.0,5.0,10249,0.4375,4663,0.2604,9244,0.3725,8144.0,0.2559,"(14, 161)",0.40491755293195386,0.34569226265973796,0.24939018440821062,0.7414453625679016,0.6309984922409058,1.0,62.0
E14-24,1,6.0,3.0,5.0,7514,0.2195,15121,1.31,5570,0.2048,2744.0,0.1007,"(14, 24)",0.41109928134144114,0.33510779877557423,0.25379291988285146,0.7365569472312927,0.6356447339057922,0.0,76.0
E14-59,1,4.0,3.0,5.0,9501,0.2669,2769,0.1141,5302,0.2099,5154.0,0.3409,"(14, 59)",0.40806230923056436,0.31480896747707454,0.27712872329225585,0.7283772230148315,0.6457706093788147,0.0,80.0
E15-55,1,6.0,3.0,5.0,5794,0.109,128,0.0013,31,0.0003,2246.0,0.033,"(15, 55)",0.41076976182250413,0.3369002416292135,0.25232999654810967,0.7382952570915222,0.6347524523735046,1.0,78.0
E15-72,1,6.0,3.0,5.0,11029,0.3123,13482,1.0143,5510,0.2056,4991.0,0.3039,"(15, 72)",0.36032278538395496,0.4198930093389772,0.21978420527697706,0.7597176432609558,0.6094812750816345,1.0,86.0
E17-138,1,6.0,3.0,5.0,3384,0.084,210,0.0029,145,0.0028,9941.0,0.5514,"(17, 138)",0.39657210401879534,0.35874704491715165,0.24468085106375748,0.7445530891418457,0.6242391467094421,0.0,71.0
E17-54,1,6.0,3.0,5.0,4402,0.0892,1120,0.0129,121,0.0017,0.0,,"(17, 54)",0.3557473875510323,0.43003180372548155,0.2142208087232589,0.7621628642082214,0.6048908233642578,0.0,88.0
E18-127,1,3.0,3.0,5.0,5247,0.1175,6799,0.138,2107,0.0231,690.0,0.0133,"(18, 127)",0.397941680960473,0.3154183342861987,0.2866399847531376,0.7265624403953552,0.6464712619781494,0.0,77.0
E18-27,1,5.0,3.0,5.0,5754,0.1336,5815,1.5667,3167,0.0796,767.0,0.0274,"(18, 27)",,,,,,1.0,90.0
E18-38,1,6.0,3.0,5.0,5827,0.1816,3822,1.5668,20853,1.6326,116.0,0.0019,"(18, 38)",,,,,,1.0,77.0
E18-47,1,5.0,3.0,4.0,3009,0.0494,14786,1.6808,2698,0.2665,69.0,0.001,"(18, 47)",,,,,,0.0,64.0
E18-49,1,6.0,3.0,5.0,6921,0.2031,7924,1.4083,11612,0.8251,171.0,0.0018,"(18, 49)",,,,,,0.0,81.0
E18-61,1,6.0,3.0,5.0,7509,0.1391,3889,0.1038,27554,0.3452,1073.0,0.0142,"(18, 61)",,,,,,1.0,71.0
E18-70,1,6.0,3.0,4.0,5949,0.1105,282,0.0097,7002,0.2333,141.0,0.0039,"(18, 70)",0.3886367456714761,0.3933434190619611,0.21801983526639468,0.7570547461509705,0.6119487285614014,0.0,75.0
E19-100,1,6.0,3.0,5.0,2019,0.0278,33021,0.5001,161,0.0015,172.0,0.002,"(19, 100)",0.3962357602771688,0.3046062407130735,0.29915799900926243,0.7203111052513123,0.6454393863677979,0.0,92.0
E19-132,1,6.0,3.0,4.0,6680,0.1916,11485,1.6851,11871,0.552,1247.0,0.0213,"(19, 132)",0.4314371257484384,0.2893712574849866,0.27919161676642523,0.7245537638664246,0.6518547534942627,0.0,85.0
E19-141,1,6.0,3.0,5.0,5757,0.1206,28096,1.2152,200,0.0036,,,"(19, 141)",0.44137571651894364,0.29355567135655836,0.26506861212432425,0.7281001806259155,0.6499097943305969,0.0,56.0
E19-142,1,6.0,3.0,5.0,4650,0.0842,7899,0.0975,197,0.002,,,"(19, 142)",0.428817204300983,0.3004301075268171,0.2707526881719848,0.7269534468650818,0.6491828560829163,1.0,82.0
E19-35,1,6.0,3.0,5.0,2087,0.0265,4435,0.2228,1640,0.0628,0.0,,"(19, 35)",0.43459511260161254,0.3660757067559338,0.19932918064197444,0.7567224502563477,0.6160913109779358,0.0,59.0
E19-75,1,6.0,3.0,4.0,4652,0.1101,4386,0.8512,10117,0.5026,435.0,0.0069,"(19, 75)",0.3852106620807426,0.3499570077385318,0.26483233018051056,0.7363458275794983,0.633359432220459,0.0,96.0
E19-79,1,,,,10776,0.2007,1089,0.5114,5594,0.131,2.0,,"(19, 79)",0.42863771343722823,0.2745916852264036,0.29677060133627536,0.7171381711959839,0.6606948971748352,,
E19-99,1,,,,2504,0.07,20448,1.684,6554,0.1012,3243.0,0.0444,"(19, 99)",0.3829872204471314,0.37140575079857374,0.24560702875389553,0.747512698173523,0.6148795485496521,,
E20-106,1,6.0,3.0,5.0,11700,0.3735,6719,1.0121,7908,0.7048,13267.0,1.1946,"(20, 106)",0.37888888888885647,0.3809401709401384,0.24017094017091964,0.7497662901878357,0.6219117045402527,1.0,73.0
E20-122,1,6.0,3.0,5.0,11346,0.3626,12422,0.8752,418,0.0083,6247.0,0.1039,"(20, 122)",0.39599858981135233,0.35616076150181947,0.24784064868674,0.7445120811462402,0.6280720233917236,1.0,78.0
E20-138,1,6.0,3.0,5.0,8294,0.3469,9299,0.4667,74,0.002,98.0,0.0015,"(20, 138)",0.3989631058596095,0.3607427055702483,0.24029418857002166,0.7456518411636353,0.6265866160392761,1.0,87.0
E20-139,1,6.0,3.0,5.0,9546,0.1733,20640,1.3709,419,0.005,137.0,0.0025,"(20, 139)",0.4306515818143274,0.2921642572805057,0.2771841609050621,0.7244577407836914,0.6519516110420227,1.0,61.0
E20-17,1,3.0,2.0,4.0,5947,0.1574,5433,0.3068,5379,0.73,231.0,0.0033,"(20, 17)",,,,,,0.0,82.0
E20-174,1,6.0,3.0,5.0,1852,0.03,21904,0.6306,229,0.0028,19397.0,0.8135,"(20, 174)",0.31479481641451684,0.5048596112308289,0.18034557235411428,0.7830759882926941,0.5756190419197083,1.0,66.0
E20-175,1,6.0,3.0,5.0,2005,0.0284,9844,0.1526,395,0.0049,26149.0,0.9225,"(20, 175)",0.29925187032404027,0.530174563590758,0.17057356608470295,0.792594313621521,0.5627557039260864,0.0,58.0
E20-55,1,6.0,3.0,5.0,7111,0.1352,9879,0.1253,15785,0.6718,12274.0,0.4673,"(20, 55)",0.4259597806215123,0.2933483335676707,0.2806918858106763,0.7231367826461792,0.6534260511398315,1.0,78.0
E20-56,1,6.0,3.0,5.0,8818,0.2081,2851,0.0363,10646,0.4313,4616.0,0.1754,"(20, 56)",0.39566795191648946,0.36867770469490035,0.23565434338849675,0.7482101917266846,0.6250738501548767,1.0,93.0
E20-98,1,6.0,3.0,5.0,1694,0.0329,11500,0.659,24,0.0003,1600.0,0.0395,"(20, 98)",0.3417945690670946,0.453364817000913,0.2048406139314021,0.7695409059524536,0.5935147404670715,1.0,91.0
E21-03,1,6.0,3.0,5.0,4714,0.1098,13207,0.5417,1985,0.0309,4962.0,0.1252,"(21, 3)",,,,,,1.0,63.0
E21-110,1,6.0,3.0,5.0,9346,0.404,24068,0.6719,66,0.0012,11.0,0.0002,"(21, 110)",0.4129039161138013,0.302054354804162,0.2850417290819297,0.7251805663108826,0.6504697203636169,0.0,77.0
E21-17,1,6.0,3.0,4.0,264,0.0037,16511,2.1389,16647,2.2719,23800.0,0.9354,"(21, 17)",0.32575757575634184,0.49621212121024166,0.1780303030296287,0.7933174967765808,0.5568177700042725,1.0,81.0
E21-179,1,6.0,3.0,5.0,10239,0.1965,14504,1.1206,3,,636.0,0.0124,"(21, 179)",0.3762086141224361,0.3933977927531601,0.23039359312430605,0.7541522979736328,0.6168941259384155,1.0,68.0
E21-65,1,6.0,3.0,5.0,940,0.0107,22540,0.6682,14896,0.4307,22395.0,0.4031,"(21, 65)",0.28829787234011883,0.5712765957440731,0.14042553191474422,0.8089962005615234,0.5324656963348389,0.0,87.0
E22-02,1,3.0,3.0,2.0,3123,0.0782,11984,1.0078,125,0.0077,95.0,0.0033,"(22, 2)",0.34357989113021337,0.4175472302272118,0.2388728786422546,0.7604681253433228,0.5944387316703796,0.0,76.0
E22-03,1,6.0,3.0,5.0,10954,0.5519,14265,1.1383,11714,0.9353,8060.0,0.7503,"(22, 3)",0.3766660580609479,0.3709147343435849,0.2524192075953759,0.7453168034553528,0.6246737837791443,1.0,82.0
E22-119,1,6.0,3.0,5.0,3329,0.0706,6636,0.1081,103,0.0011,5892.0,0.1997,"(22, 119)",0.40222288975656284,0.315710423550521,0.2820666866926158,0.7274831533432007,0.6434041857719421,1.0,85.0
E22-132,1,5.0,5.0,4.0,5185,0.141,18725,0.4556,2721,0.079,1125.0,0.0243,"(22, 132)",0.3512054001927963,0.4403085824492882,0.20848601735772254,0.7697274088859558,0.5850244164466858,0.0,83.0
E22-15,1,4.0,3.0,4.0,8759,0.3113,24859,1.4317,1666,0.042,6.0,0.0002,"(22, 15)",0.3808653955930607,0.38223541500166885,0.23689918940515617,0.7519305944442749,0.6159741878509521,1.0,102.0
E22-80,1,4.0,3.0,4.0,7174,0.2284,5023,0.3337,69,0.0013,251.0,0.0056,"(22, 80)",0.37942570393080854,0.33426261499855947,0.28631168107049254,0.7319075465202332,0.6350159645080566,0.0,63.0
E22-91,1,6.0,3.0,5.0,5793,0.1463,4876,1.4274,3,,3.0,,"(22, 91)",0.4103228033833229,0.3514586569997667,0.23821853961673772,0.7446331977844238,0.628217339515686,0.0,81.0
E22-92,1,6.0,3.0,5.0,7414,0.1509,22279,1.209,75,0.0035,51.0,0.0006,"(22, 92)",0.42230914486101667,0.2825735095764388,0.2951173455624096,0.7190611362457275,0.6568643450737,0.0,85.0
E23-02,1,6.0,5.0,5.0,9944,0.2335,24215,1.1917,2220,0.0631,3356.0,0.0662,"(23, 2)",0.37992759452932623,0.3807320997586101,0.23934030571196305,0.7507668733596802,0.6168046593666077,0.0,81.0
E23-07,1,6.0,5.0,5.0,8013,0.2689,7011,2.4948,13,0.0002,111.0,0.0015,"(23, 7)",0.42680643953570113,0.2955197803568831,0.27767378010729094,0.7267864942550659,0.6476927399635315,0.0,68.0
E23-113,1,6.0,5.0,5.0,6013,0.1606,12751,1.0366,55,0.0005,234.0,0.0036,"(23, 113)",0.44653251288866674,0.2936969898552646,0.25977049725590223,0.727111279964447,0.6509147882461548,1.0,71.0
E23-116,1,3.0,3.0,5.0,4586,0.0711,2027,0.041,10,0.0001,430.0,0.0057,"(23, 116)",0.3946794592236383,0.3464893153073819,0.2588312254687617,0.7421619296073914,0.6241382360458374,0.0,86.0
E23-136,1,6.0,5.0,5.0,6114,0.1845,9594,0.8816,39,0.0005,8.0,0.0001,"(23, 136)",0.41609421000974545,0.31861301929991515,0.26529277069017576,0.7326770424842834,0.6385106444358826,1.0,75.0
E23-145,1,6.0,5.0,5.0,7358,0.1839,1222,0.2955,29,0.0038,62.0,0.0008,"(23, 145)",0.42008698015759444,0.28526773579773235,0.29464528404453727,0.7194571495056152,0.6553841233253479,1.0,63.0
E23-79,1,6.0,5.0,4.0,3378,0.0709,4917,1.4427,3,0.0001,781.0,0.0151,"(23, 79)",0.35464772054459603,0.34339846062748863,0.3019538188276193,0.7279643416404724,0.6343246102333069,0.0,90.0
E23-82,1,3.0,3.0,4.0,2989,0.06,3460,0.1296,252,0.0038,570.0,0.0138,"(23, 82)",0.4165272666442233,0.2903981264636031,0.29307460689183906,0.7204424738883972,0.6510950326919556,1.0,93.0
E24-12,1,6.0,3.0,5.0,3481,0.1036,5989,0.4167,2292,0.0807,74.0,0.0011,"(24, 12)",0.391266877333987,0.4136742315425413,0.19505889112318442,0.7657586336135864,0.6026084423065186,1.0,97.0
E24-15,1,4.0,3.0,5.0,6106,0.2384,6634,0.3811,436,0.0114,313.0,0.0088,"(24, 15)",0.40157222404186016,0.3208319685554666,0.2775958074025094,0.7307339906692505,0.6424437165260315,0.0,76.0
E24-52,1,2.0,2.0,4.0,20860,0.4665,225,0.006,18632,3.2009,1068.0,0.0165,"(24, 52)",0.3688398849472498,0.3876797698945164,0.24348034515818584,0.7494027614593506,0.6191520094871521,0.0,85.0
E24-91,1,6.0,3.0,5.0,8017,0.1741,4848,0.0464,218,0.002,1483.0,0.022,"(24, 91)",0.4344517899463098,0.26605962330045324,0.2994885867531122,0.7146559357643127,0.6643246412277222,1.0,68.0
OS-240715,1,6.0,3.0,5.0,7359,0.3455,7270,1.1153,7209,0.607,15762.0,2.0836,"(240715,)",0.38524256013040015,0.3587443946187853,0.2560130452506786,0.7421295046806335,0.6282051801681519,0.0,66.0
E15-140,1,6.0,3.0,5.0,11410,0.4429,10458,1.7356,8466,0.8793,597.0,0.0118,"(15, 140)",,,,,,1.0,58.0
E16-110,1,6.0,3.0,5.0,12652,0.5786,8189,0.5946,3020,0.2213,2941.0,0.1508,"(16, 110)",,,,,,0.0,77.0
E16-114,1,5.0,3.0,5.0,11420,0.4387,3316,0.1435,6813,0.4504,2696.0,0.1216,"(16, 114)",,,,,,1.0,95.0
E16-123,1,5.0,3.0,4.0,10337,0.3129,11603,0.3869,3312,0.1194,5739.0,0.2411,"(16, 123)",,,,,,1.0,83.0
E16-21,1,6.0,3.0,5.0,5103,0.1237,12510,0.6114,731,0.016,327.0,0.0065,"(16, 21)",,,,,,0.0,62.0
E16-66,1,6.0,3.0,5.0,8893,0.2157,5217,0.1769,1009,0.0212,1301.0,0.0312,"(16, 66)",,,,,,0.0,69.0
OS-160608,1,6.0,3.0,5.0,905,0.0728,12122,0.382,8355,0.2292,3502.0,0.0788,"(160608,)",,,,,,0.0,72.0
E17-05,1,5.0,3.0,5.0,7850,0.2153,7518,0.2289,4683,0.2895,1700.0,0.0387,"(17, 5)",,,,,,1.0,78.0
E17-143,01,6.0,3.0,5.0,7666,0.3201,10860,1.5923,8732,0.8242,628.0,0.0124,"(17, 143)",,,,,,0.0,83.0
E17-147,1,5.0,3.0,5.0,2016,0.0397,7263,2.9608,20,0.0003,274.0,0.0088,"(17, 147)",,,,,,1.0,87.0
E17-150,1,6.0,3.0,5.0,1221,0.0196,5833,1.6728,16,0.0002,11.0,0.0003,"(17, 150)",,,,,,1.0,76.0
E17-21,1,6.0,3.0,5.0,8569,0.8461,5892,0.7627,0,,1296.0,0.0366,"(17, 21)",,,,,,1.0,67.0
E17-32,1,4.0,3.0,5.0,11441,0.4082,3779,0.0781,1459,0.033,939.0,0.0176,"(17, 32)",,,,,,0.0,86.0
E17-36,1,6.0,3.0,5.0,5172,0.1291,14814,0.6557,749,0.0114,614.0,0.0159,"(17, 36)",,,,,,1.0,71.0
E17-47,1,6.0,3.0,5.0,6311,0.1998,33916,2.0837,35793,2.4826,1823.0,0.0344,"(17, 47)",,,,,,0.0,82.0
E17-56,1,6.0,3.0,5.0,2655,0.0371,13716,0.1657,7565,0.1075,17.0,0.0002,"(17, 56)",,,,,,0.0,59.0
E17-57,1,6.0,3.0,5.0,5959,0.311,1296,0.0265,226,0.0046,121.0,0.0038,"(17, 57)",,,,,,1.0,76.0
E17-71,1,6.0,3.0,5.0,3311,0.1992,4484,0.1382,25,0.0005,2676.0,0.1469,"(17, 71)",,,,,,0.0,54.0
OS_170124,1,6.0,3.0,5.0,5970,0.267,10302,0.7321,4479,0.2449,887.0,0.0238,"(170124,)",,,,,,1.0,105.0
OS_170518,1,6.0,3.0,5.0,9784,0.2292,2916,0.036,1072,0.0231,301.0,0.0077,"(170518,)",,,,,,1.0,73.0
E18-07,1,6.0,3.0,5.0,3174,0.0739,7354,1.1785,180,0.0028,1682.0,0.0392,"(18, 7)",,,,,,0.0,80.0
